<?xml version="1.0" encoding="UTF-8"?>
<!-- Hive configuration file -->
<configuration>

    <!-- Hive Metastore Thrift 服务地址 -->
    <property>
        <name>hive.metastore.uris</name>
        <value>thrift://cdh01:9083</value> <!-- 根据你的实际服务地址修改 -->
        <description>Thrift URI for the remote metastore. Used by metastore clients.</description>
    </property>

    <!-- Hive 仓库目录 -->
    <property>
        <name>hive.metastore.warehouse.dir</name>
        <value>/user/hive/warehouse</value>
        <description>Location of default database for the warehouse</description>
    </property>
    <!-- hive-site.xml 中必须有这项 -->
    <property>
        <name>hive.metastore.uris</name>
        <value>thrift://cdh01:9083</value>
    </property>

    <!-- JDBC 连接URL，MySQL数据库 -->
    <property>
        <name>javax.jdo.option.ConnectionURL</name>
        <value>jdbc:mysql://cdh01:3306/hive?createDatabaseIfNotExist=true&amp;useSSL=false&amp;characterEncoding=utf8</value>
        <description>JDBC connect string for a JDBC metastore</description>
    </property>
    <property>
        <name>hive.exec.dynamic.partition</name>
        <value>true</value>
    </property>
    <property>
        <name>hive.exec.dynamic.partition.mode</name>
        <value>nonstrict</value>
    </property>

    <!-- JDBC 驱动类名 -->
    <property>
        <name>javax.jdo.option.ConnectionDriverName</name>
        <value>com.mysql.cj.jdbc.Driver</value>
        <description>Driver class name for a JDBC metastore</description>
    </property>

    <!-- MySQL用户名 -->
    <property>
        <name>javax.jdo.option.ConnectionUserName</name>
        <value>root</value>
    </property>

    <!-- MySQL密码 -->
    <property>
        <name>javax.jdo.option.ConnectionPassword</name>
        <value>root</value>
    </property>

    <!-- 是否自动创建元数据表，生产环境建议false -->
    <property>
        <name>datanucleus.autoCreateSchema</name>
        <value>false</value>
    </property>

    <!-- 是否固定数据存储，生产环境建议true -->
    <property>
        <name>datanucleus.fixedDatastore</name>
        <value>true</value>
    </property>

    <!-- 是否自动创建表，生产环境建议false -->
    <property>
        <name>datanucleus.autoCreateTables</name>
        <value>false</value>
    </property>

    <!-- metastore的用户名（如果用Kerberos，配置相关Kerberos参数） -->
    <!--
    <property>
      <name>hive.metastore.kerberos.principal</name>
      <value>hive/_HOST@YOUR.REALM</value>
    </property>
    -->

    <!-- 连接超时设置 -->
    <property>
        <name>hive.metastore.client.socket.timeout</name>
        <value>300</value>
    </property>

    <!-- 启用并发支持（锁机制，推荐开启） -->
    <property>
        <name>hive.support.concurrency</name>
        <value>true</value>
    </property>

    <!-- 事务支持，适用于ACID表 -->
    <property>
        <name>hive.txn.manager</name>
        <value>org.apache.hadoop.hive.ql.lockmgr.DbTxnManager</value>
    </property>

    <!-- 锁表超时时间，秒 -->
    <property>
        <name>hive.lock.numretries</name>
        <value>5</value>
    </property>
    <property>
        <name>hive.lock.sleep.between.retries</name>
        <value>1000</value>
    </property>

</configuration>
